name,role,company,industry,location,linkedin_bio
John Doe,CEO,TechCorp,Technology,San Francisco,Tech leader with 10+ years
Jane Smith,Marketing Manager,GrowthCo,B2B SaaS,New York,Marketing expert
Mike Johnson,Sales Director,Enterprise Solutions,Enterprise Software,Austin,Sales leader
Sarah Wilson,CTO,StartupHub,Technology,Seattle,Technical co-founder
David Brown,VP Sales,SalesForce Pro,Sales Technology,Chicago,VP Sales 15+ years
Lisa Chen,Marketing Manager,Digital Agency,Marketing,Los Angeles,Digital marketing specialist
Tom Anderson,Founder,Innovation Labs,Technology,Boston,Serial entrepreneur
Emma Davis,Head of Growth,ScaleUp Inc,B2B SaaS,Denver,Growth expert
Alex Rodriguez,Director of Sales,CloudTech,Cloud Computing,Miami,Sales director
Maria Garcia,CMO,BrandCo,Marketing,Portland,Chief Marketing Officer